<beans xmlns="http://www.springframework.org/schema/beans"
       xmlns:xsi="http://www.w3.org/2001/XMLSchema-instance"
       xmlns:context="http://www.springframework.org/schema/context"
       xmlns:tx="http://www.springframework.org/schema/tx"
       xmlns:jpa="http://www.springframework.org/schema/data/jpa"
       xmlns:mvc="http://www.springframework.org/schema/mvc"
       xsi:schemaLocation="
            http://www.springframework.org/schema/beans http://www.springframework.org/schema/beans/spring-beans.xsd
            http://www.springframework.org/schema/context http://www.springframework.org/schema/context/spring-context.xsd
            http://www.springframework.org/schema/tx http://www.springframework.org/schema/tx/spring-tx.xsd
            http://www.springframework.org/schema/data/jpa http://www.springframework.org/schema/data/jpa/spring-jpa.xsd
            http://www.springframework.org/schema/mvc http://www.springframework.org/schema/mvc/spring-mvc.xsd">

    <context:component-scan base-package="com.sw.fd" />

    <!-- Properties 파일 읽기 설정 -->
    <context:property-placeholder location="classpath:conf/database.properties" />

    <!-- Spring MVC 설정 -->
    <mvc:annotation-driven />
    <mvc:default-servlet-handler />

    <!-- View Resolver 설정 -->
    <bean class="org.springframework.web.servlet.view.InternalResourceViewResolver">
        <property name="prefix" value="/WEB-INF/views/" />
        <property name="suffix" value=".jsp" />
    </bean>

    <!-- 데이터 소스 설정 -->
    <bean id="dataSource" class="org.springframework.jdbc.datasource.DriverManagerDataSource">
        <property name="driverClassName" value="${jdbc.driver}" />
        <property name="url" value="${jdbc.url}" />
        <property name="username" value="${jdbc.username}" />
        <property name="password" value="${jdbc.password}" />
    </bean>

    <bean id="entityManagerFactory" class="org.springframework.orm.jpa.LocalContainerEntityManagerFactoryBean">
        <property name="dataSource" ref="dataSource" />
        <property name="packagesToScan" value="com.sw.fd.entity" />
        <property name="jpaVendorAdapter">
            <bean class="org.springframework.orm.jpa.vendor.HibernateJpaVendorAdapter" />
        </property>
        <property name="jpaProperties">
            <props>
                <prop key="hibernate.hbm2ddl.auto">update</prop>
                <prop key="hibernate.dialect">org.hibernate.dialect.MySQL5Dialect</prop>
<!-- 다혜 추가한 부분 -->
                <prop key="hibernate.show_sql">false</prop>
            </props>
        </property>
    </bean>

    <bean id="transactionManager" class="org.springframework.orm.jpa.JpaTransactionManager">
        <property name="entityManagerFactory" ref="entityManagerFactory" />
    </bean>

    <!--mail(정희씨)-->
    <!-- Root Context: defines shared resources visible to all other web components -->
    <bean id="mailSender" class="org.springframework.mail.javamail.JavaMailSenderImpl">
        <property name="host" value="smtp.gmail.com" />
        <property name="port" value="587" />
        <property name="username" value="fooding2441" />
        <property name="password" value="nwrqmihlozqeqaik" />
        <property name="defaultEncoding" value="utf-8" />

        <property name="javaMailProperties">
            <props>
                <prop key="mail.smtp.starttls.enable">true</prop>
                <prop key="mail.smtp.auth">true</prop>
                <prop key="mail.smtps.ssl.checkserveridentity">true</prop>
                <prop key="mail.smtps.ssl.trust">smtp.gmail.com</prop>
                <prop key="mail.debug">true</prop>
                <prop key="mail.smtp.socketFactory.class">javax.net.ssl.SSLSocketFactory</prop>
            </props>
        </property>
    </bean>

<!--   프로필 파일 업로드를 위해 추가한 부분(다혜)-->
    <bean id="multipartResolver" class="org.springframework.web.multipart.commons.CommonsMultipartResolver">
        <property name="maxUploadSize" value="10485760"/> <!-- 최대 업로드 크기: 10MB -->
    </bean>

    <tx:annotation-driven />
    <jpa:repositories base-package="com.sw.fd.repository" />
    <context:annotation-config />
</beans>
